Mach Number,CD FR 5.25,CD FR 6,CD FR 6.5
0,0.06557,0.06717,0.0736
0.3,0.06557,0.06717,0.0736
0.5,0.06107,0.06246,0.06826
0.7,0.05905,0.06043,0.06512
0.8,0.05908,0.06038,0.06509
0.9,0.06182,0.06279,0.0688
1,0.06493,0.06545,0.0691
1.1,0.06804,0.0681,0.06939
1.2,0.06671,0.06682,0.06788
1.3,0.06537,0.06544,0.06651
1.5,0.06279,0.06278,0.06375
2,0.05708,0.05697,0.05771
2.5,0.05217,0.05195,0.05203
3,0.04776,0.04746,0.04713
