Wind Speed,0,5,10,15,20
0.0,0.0,46.996568789916005,93.92407185443982,140.69202427544207,187.28477010288535
1.6666666666666667,85.78201550162203,38.8845288658885,7.7931359294125775,54.28081695233618,100.60659329933544
3.3333333333333335,171.81991969966597,125.16544386320219,78.74626131325,32.56302028013592,13.305885845802614
5.0,258.0920190842963,211.77585362303418,165.75994157769483,119.88467521022693,74.4491267423174
6.666666666666667,344.79827710557345,298.91510257446595,253.18494103352737,207.83597494646762,162.79411054899614
8.333333333333334,431.97760225314204,386.4726039282075,341.2373007276507,296.31071014823635,251.67736667664548
