Wind Speed,0,5,10,15,20
0.0,0.0,723.9578509728561,1366.1716673601863,1926.106027773663,2419.8937872880692
1.6666666666666667,238.84709478334298,467.2645697522247,1090.986748550882,1640.3797072023021,2130.483425878966
3.3333333333333335,480.70076193006156,205.94540519110038,813.3336419641279,1354.5532919069979,1842.6514276885277
5.0,726.7168137992492,59.40694857156396,534.0010298520317,1069.5194118653208,1557.0892878849475
6.666666666666667,977.2281936753797,328.29807539055696,253.88869883957332,785.6462464753492,1273.9073993841323
8.333333333333334,1232.0143976052295,599.5578697265497,26.012604399382656,503.3602511787558,994.0806445984214
