Wind Speed,0,5,10,15,20
0.0,0.0,685.5655386808671,1301.1405328180708,1847.111454476267,2332.1344438448345
1.6666666666666667,87.91078906524345,582.3980260961797,1183.3494647750126,1718.5751431641918,2196.0184163232393
3.3333333333333335,178.91186095004323,476.20270972109427,1063.5352501874245,1588.924976517988,2060.110868732082
5.0,273.2385095467034,367.19868401985224,941.9612983788649,1458.9043174268702,1924.0737318306672
6.666666666666667,370.60330196036057,255.61647978719023,819.3847474069833,1328.8289615125284,1788.0703166458773
8.333333333333334,470.6769542911554,142.21719006392885,695.9370667427344,1198.6392020481012,1653.690787673442
