Wind Speed,0,5,10,15,20
0.0,0.0,44.64968717113521,89.18349752475767,133.51068774518987,177.61789296204418
1.6666666666666667,31.393394569775722,13.095407085787205,57.32999374521881,101.33179509208803,145.14821350416452
3.3333333333333335,63.10558998249355,18.905258426930022,25.028410808289767,68.72168261498422,112.10121929771324
5.0,95.1106536033626,51.27443525565534,7.726535328609206,35.68760815401277,78.7134772179901
6.666666666666667,127.5429458797242,84.12187802511244,40.84342959128866,2.1420061788065214,44.79735216368557
8.333333333333334,160.42135345380376,117.28777936614851,74.43355425817604,31.861314082833083,10.456691811669204
